{"cameraMode":{"drawMode":0,"name":"Shaded","section":"Shading Mode"},"sceneLighting":false,"audioPlay":false,"sceneViewState":{"m_AlwaysRefresh":false,"showFog":true,"showSkybox":false,"showFlares":true,"showImageEffects":true,"showParticleSystems":true,"showVisualEffectGraphs":true,"m_FxEnabled":true},"in2DMode":false,"pivot":{"x":1.018918514251709,"y":0.18683338165283204,"z":-2.8915281295776369},"rotation":{"x":-0.268241286277771,"y":0.10723213106393814,"z":-0.030059514567255975,"w":-0.9568952322006226},"size":1.2247449159622193,"orthographic":false}