{"cameraMode":{"drawMode":0,"name":"Shaded","section":"Shading Mode"},"sceneLighting":false,"audioPlay":false,"sceneViewState":{"m_AlwaysRefresh":false,"showFog":true,"showSkybox":false,"showFlares":true,"showImageEffects":true,"showParticleSystems":true,"showVisualEffectGraphs":true,"m_FxEnabled":true},"in2DMode":false,"pivot":{"x":405.34576416015627,"y":22.831527709960939,"z":315.3465881347656},"rotation":{"x":0.017940223217010499,"y":0.9204041957855225,"z":-0.38839152455329897,"w":0.04251011833548546},"size":6.933608055114746,"orthographic":false}